Id,NAME,ADDRESS,CITY,STATE,ZIP,LAT,LON,PHONE,REVENUE,UTILIZATION
74ab949d-17ac-3309-83a0-13b4405c66aa,Fitchburg Outpatient Clinic,881 Main Street,Fitchburg,MA,01420,42.586487,-71.80521,978-342-9781 Or 978-342-9781,0.0,99
588f6ce6-b8db-3588-8189-29db2680a313,BOSTON HEALTH CARE FOR THE HOMELESS PROGRAM INC,461 WALNUT AVE,JAMAICA PLAIN,MA,021302331,42.311587599999996,-71.09800136347226,8576541550,0.0,31
17a4bae5-8b64-34d7-8144-b428be027bd0,NURSE ON CALL,512 MAIN STREET  SUITE 211,SHREWSBURY,MA,015456406,42.295109499999995,-71.71808471110307,5088451232,0.0,3
4112b8b1-59df-3255-a7ca-f42ee0a4cb2e,CAPE HERITAGE REHABILITATION & HEALTH CARE CENTER,37 ROUTE 6A,SANDWICH,MA,025631801,41.766329400000004,-70.5147600346998,5088888222,0.0,5
e09d4c49-c2ef-3b0f-9a46-3719d9219306,UMASS MEMORIAL HEALTHALLIANCE CLINTON HOSPITAL INC,60 HOSPITAL RD,LEOMINSTER,MA,014533290,42.54031915,-71.76312990486304,9784662000,0.0,188
ab701a70-a658-340e-8f69-ee196a7d40c6,CAREWELL URGENT CARE CENTERS OF MA  PC,484 RTE 134,WORCESTER,MA,016071728,42.2625621,-71.8018877,5086947901,0.0,1
71472d9b-aa5c-3b49-a5c3-d0eee8859015,BOURNE FAMILY MEDICINE PC,118 WATERHOUSE RD STE C,BOURNE,MA,025328305,41.7281115,-70.5861571324252,5087430899,0.0,70
8a2e2731-3240-39d1-b4f0-cad14200937d,MORTON HOSPITAL  A STEWARD FAMILY HOSPITAL  INC.,88 WASHINGTON ST,TAUNTON,MA,027802465,41.9062805,-71.09518121351795,6174194772,0.0,14
4cf79e95-2815-3a4c-a3b8-951fe548dd27,BERKSHIRE FAMILY PRACTICE ASSOCIATES PC,20 ELM ST,PITTSFIELD,MA,012016502,42.4458896,-73.2448206979669,4134453131,0.0,61
667b46fe-0afa-3f70-a311-bbe3d52db050,URGENT CARE CENTERS OF CENTRAL MASSACHUSETTS LLC,757 BOSTON POST RD,WORCESTER,MA,016071728,42.231371,-72.165386,6173024194,0.0,15
0ff7cb48-0c93-31cf-9442-0b034084d588,MERCURY OPERATOR LLC,2 BEAUMONT AVE,BROCKTON,MA,023023302,42.0835203,-70.98856021035954,5085888550,0.0,2
fe675917-7b09-3afd-a6e6-128cc4de4734,INTERNATIONAL HEALTH SOLUTIONS,319A ALLSTON STREET,BRIGHTON,MA,021357652,42.345093,-71.139804,9786891907,0.0,33
bdc3ee76-9cf3-316d-b202-a8da1ea3fa20,KINDRED HOSPICE,130 RUMFORD AVENUE  SUITE 211,AUBURNDALE,MA,024661370,42.35853505,-71.24125521214887,6176634997,0.0,1
5d4da50c-8593-304f-b266-57d8f7d634a2,WELLMAN HEALTHCARE GROUP INC,250 SHEARER ST,PALMER,MA,010691428,42.168634600000004,-72.33353526811578,4132838361,0.0,2
5fcff9db-16e4-3e56-aa78-abbc16338097,THE LOWELL GENERAL HOSPITAL,295 VARNUM AVE,WESTFORD,MA,018863513,42.5792583,-71.4378411,9789376000,0.0,104
84abfbd5-41c1-3df4-9b31-7ca93cb2309a,SKIN WELLNESS PHYSICIANS LLC,85 HERRICK ST,BEVERLY,MA,019151790,42.56415055,-70.8751357650672,9785247933,0.0,14
1ddd51d1-7297-3c3b-bad5-98aecd5e4a79,BAYADA HOME HEALTH CARE  INC,127 CAMBRIDGE STREET  SUTIE #2B,BURLINGTON,MA,018033735,42.50188325,-71.19559351572005,6174721333,0.0,12
8d0f0e66-b1dc-37fd-8b4e-0dcb6b3b446e,Edith Nourse Rogers Memorial Veterans Hospital (Bedford VA),200 Springs Rd.,Bedford,MA,01730,42.503376,-71.272644,781-687-2000,0.0,93
f6a306cf-7bd6-35f4-a6b7-2d07d273914c,APPLE MEDICAL CLINIC MA INC,63 FOUNTAIN ST STE 402,FRAMINGHAM,MA,017026280,42.27595495,-71.42631150114194,5088611150,0.0,40
32fcdfba-8c93-30f4-b15b-dd3b65c29deb,ELAINE CENTER AT HADLEY,20 NORTH MAPLE STREET,HADLEY,MA,010359715,42.3615107,-72.55261320852942,4135845057,0.0,1
764bf964-6ab7-30eb-885b-3d713ca43265,OUTER  CAPE HEALTH SERVICES,ROUTE 6   P O BOX 1430,WELLFLEET,MA,026677402,41.936423,-70.021074,5083493131,0.0,32
02c936e2-3aee-38b2-88a4-81f3689b7bb7,BENJAMIN HEALTHCARE CENTER,120 FISHER AVENUE,BOSTON,MA,021203320,42.3276141,-71.1051603,6177381500,0.0,12
bff65303-97b4-3841-950a-1c9e9e735de0,SOUTHPOINTE REHAB CENTER LLC,100 AMITY ST,FALL RIVER,MA,027212202,41.6737661,-71.16934217317342,5082353600,0.0,2
bf556284-7513-3620-a10e-5393183a9a87,STEWARD ST. ANNES HOSPITAL CORPORATION,795 MIDDLE ST,FALL RIVER,MA,027211733,41.6924092,-71.16345107025307,5086745600,0.0,373
e93b27a8-6507-3595-84a5-f899ce23a72d,HOLY FAMILY MEDICAL SPECIALTY PRACTICE PLLC,70 EAST STREET,NORTH ANDOVER,MA,018456144,42.6839894,-71.1127065,9786872273,0.0,67
2b84e56e-08b4-3078-b3ea-4d159208e065,HORIZONS HEALTH & WELLNESS LLC,1029 PLEASANT ST,BRIDGEWATER,MA,023242301,41.9718173,-71.00937893001648,7815859522,0.0,26
4ffa4412-1493-3beb-b8f0-6614dde953a4,SOUTHCOAST HOSPITAL GROUP  INC,363 HIGHLAND AVENUE,WAREHAM,MA,025715011,41.745636,-70.658192,5086793131,0.0,62
a14e698d-a9ba-3eae-9c8b-682ec726433d,LYNN URGENT CARE LLC,776 WESTERN AVE,LYNN,MA,019052408,42.466763,-70.9494939,6178939901,0.0,55
dd9914b0-9491-3330-a890-d34e95e497ea,CHILD & FAMILY SERVICES  INC.,1061 PLEASANT ST,NEW BEDFORD,MA,027406728,41.64280275,-70.92865004309593,5089968572,0.0,59
5ba6765a-f335-36b0-9c6a-6bb494c5330d,URGENT CARE MEDICAL ASSOCIATES  LLC,31 OLD ROUTE 7,WESTWOOD,MA,020902333,42.2139873,-71.2244987,2038850808,0.0,4
b6eeaaf7-1683-3bcb-b6ee-81ce304636ef,MELROSEWAKEFIELD HEALTHCARE  INC,170 GOVERNORS AVE,MELROSE,MA,021763225,42.4564323,-71.064182,7819793050,0.0,61
ed5fc1f7-0ecb-3973-a5fc-89f80c6f5c9f,CORNERSTONE FAMILY PRACTICE,303 C HAVERHILL STREET,ROWLEY,MA,019692101,42.704962,-70.90837,9789483902,0.0,46
de29a374-221b-3cb4-8051-a02c1a35e5b7,FAMILY MEDICINE ASSOCIATES OF SOUTH ATTLEBORO  P.C.,562 WASHINGTON ST,SOUTH ATTLEBORO,MA,027036942,41.912892049999996,-71.36135809627689,5087615650,0.0,44
d3085315-9893-34c7-8889-3a31dc17c2b0,WALPOLE MEDICAL CENTER  PC,1428 MAIN ST STE 7,WALPOLE,MA,020811729,42.1325911,-71.2618886,5086686600,0.0,44
18061fd5-fda8-3e2d-87f0-0f3c87211bcc,CAMBRIDGE PUBLIC HEALTH COMMISSION,1493 CAMBRIDGE ST,SOMERVILLE,MA,021431408,42.3875968,-71.0994968,6176651000,0.0,3
1faab3d1-2ae5-3110-8e5f-c65b92ca906d,FAIRVIEW HOSPITAL,29 LEWIS AVE,GREAT BARRINGTON,MA,012301713,42.19093125,-73.3715000043024,4135280790,0.0,8
7e97f720-f99d-3402-98a4-a144aaa5bd01,COMMUNITY HEALTH CENTER OF CAPE COD  INC.,210 JONES RD,FALMOUTH,MA,025402974,41.5614958,-70.6117407224321,5084777090,0.0,89
b3ada130-6443-3a8e-98c7-4ec127a2b0c4,LIFE CARE CENTER OF ACTON,ONE GREAT ROAD,ACTON,MA,017205601,42.4850931,-71.43284,9782639101,0.0,10
1e11392b-1278-3e70-93cd-f396cbd0c265,VHS ACQUISITION SUBSIDIARY NUMBER 9  INC.,115 LINCOLN ST,NATICK,MA,017607700,42.2843753,-71.3441395,5086507000,0.0,96
fe30f2b4-9bc8-346e-afba-4455d1766545,KATZMAN FAMILY CENTER FOR LIVING,17 LAFAYETTE AVENUE,CHELSEA,MA,021502010,42.40019115,-71.03050082480353,6178846766,0.0,3
6cf8a214-8d57-3267-85e5-7719e15cd63e,LEMUEL SHATTUCK HOSPITAL,170 MORTON STREET,JAMAICA PLAIN,MA,021303735,42.299067750000006,-71.10124351911541,6175228110,0.0,89
4bc0cc09-77e5-37f5-844d-64a6637cae54,WESTERN MASSACHUSETTS HOSPITAL,91 EAST MOUNTAIN ROAD,WESTFIELD,MA,010851801,42.110743549999995,-72.70066160206358,4135624131,0.0,175
9043e647-568d-3e87-9fc0-756a416392d3,INTERNAL MEDICINE PHYSICIANS OF THE NORTH SHORE,27 CENTENNIAL DR,PEABODY,MA,01960,42.52388415,-70.9519832,9785317677,0.0,29
c7b63332-fdc7-3ab3-936b-284b931a9f6a,HERITAGE HALL NORTH,55 COOPER STREET,AGAWAM,MA,010012149,42.080218599999995,-72.61816103207964,4137868000,0.0,7
a3327df4-d092-350b-b551-e60c82076c9a,WEST BROOKFIELD FAMILY PRACTICE,46 NORTH MAIN ST,W BROOKFIELD,MA,015853232,42.23754835,-72.13791547215251,5088678977,0.0,46
aade280a-3b90-3e48-9648-91109a964a63,AP MEDICAL LLC,909 SUMNER ST,DARTMOUTH,MA,027473826,41.6332267,-70.9879928,5089715190,0.0,195
e59fb2d5-508c-38c6-af2e-21d8216dd2b0,BAYSTATE MEDICAL CENTER,759 CHESTNUT ST,WARE,MA,010821625,42.256476,-72.237482,4137940000,0.0,385
ecadbc11-930c-3903-b706-f8ef4bc9089e,PRIMARY CARE ASSOCIATES LLC,780 CHESTNUT ST,SPRINGFIELD,MA,011031109,42.1211633,-72.60614164702717,4137872800,0.0,4
ad007cc5-a3df-3aa7-886d-5123ab59d189,MADONNA MANOR  INC.,85 N WASHINGTON ST,NORTH ATTLEBORO,MA,027601634,41.98443775,-71.33190349847027,5086992740,0.0,4
f480acd0-7ef1-350d-aae6-d8e7d53ace57,MANET COMMUNITY HEALTH CENTER  INC.,1193 SEA ST,QUINCY,MA,021693544,42.26883395,-70.95264075087945,6174718683,0.0,28
794b1cc2-97be-30a4-83a0-4bf6add43c74,ST JOSEPH MANOR HEALTH CARE INC,215 THATCHER STREET,BROCKTON,MA,023023949,42.0740963,-70.99660306096918,5085835834,0.0,8
440fa4b8-c731-3cf5-81d9-aa3f30a37b95,LAHEY HOSPITAL & MEDICAL CENTER  BURLINGTON,41 & 45 MALL ROAD,PEABODY,MA,019602901,42.5278731,-70.9286609,7817445100,0.0,22
0fab3c4e-a028-39a6-b15a-be5a88b6aa2a,ENCOMPASS HEALTH REHAB HOSPITAL OF WESTERN MASS,222 STATE STREET,LUDLOW,MA,010563437,42.15547415,-72.47222226666076,4135897581,0.0,42
05b2593e-1bc1-32ee-8d9f-0aad4fa74ff0,VA Boston Healthcare System  Brockton Campus,940 Belmont Street,Brockton,MA,02301,42.065655,-71.05398,508-583-4500 Or 508-583-4500,0.0,39
00ffb204-07b4-3c72-a678-fa252e6cf86c,BEDFORD-LEXINGTON INTERNAL MEDICINE  PC,450 BEDFORD ST,LEXINGTON,MA,02420,42.47370735,-71.25090005,7812746274,0.0,166
ad82d624-72eb-3c7d-a76d-79f2668d1390,WOODLAND INTERNISTS  P.C.,3 WOODLAND RD,STONEHAM,MA,021801711,42.452443099999996,-71.08939988105112,7816627990,0.0,38
b8421363-9807-3b16-a146-95336eea5cfb,COOLEY DICKINSON HOSPITAL INC,30 LOCUST ST,NORTHAMPTON,MA,010602052,42.33032115,-72.65330802608176,4135822000,0.0,13
8424b5ec-ba0a-32e9-94ae-a9d397884093,GENTLE HOME CARE SERVICES,49 BLANCHARD STREET  SUITE 101,LAWRENCE,MA,018431456,42.69651155,-71.1612176954981,9782588479,0.0,4
945104f1-4b95-3eed-bd02-5efa0afbf34d,DIGNITY HOSPICE CARE INC,20 CENTRAL AVE # 506,LYNN,MA,019011201,42.46410018181818,-70.9465129090909,8572054114,0.0,2
3076e02a-deac-3e81-96a9-1d32cbda6fca,GARDNER REHABILITATION AND NURSING CENTER,59 EASTWOOD CIRCLE,GARDNER,MA,014403901,42.567006649999996,-71.97817904424542,9786328776,0.0,4
1563fcb4-76a9-3ea4-863d-e276f38b9b3e,GREATER LAWRENCE FAMILY HEALTH CENTER INC,700 ESSEX STREET,LAWRENCE,MA,018414396,42.7020708,-71.17231,9786892400,0.0,58
fbd4ccdf-2fdb-3652-9bbe-1ccff886bd34,CROWN HOME HEALTHCARE MA  INC,320 CENTRAL STREET  UNIT A2,SAUGUS,MA,019062372,42.4632069,-71.0093761,7812153815,0.0,6
901c2d40-1ca3-3879-9a20-c663b8adc0a9,TUFTS MEDICAL CENTER,800 WASHINGTON STREET,STONEHAM,MA,021802445,42.4863168,-71.0928919,6176365000,0.0,60
b9e35b8a-9831-32d8-a6dc-d7a546c126b0,VIBRA HOSPITAL OF WESTERN MASS - CENTRAL CAMPUS,111 HUNTOON MEMORIAL HIGHWAY  1ST FLOOR,SPRINGFIELD,MA,011092550,42.1018764,-72.5886727,4137876700,0.0,23
22249c0a-8ce9-3726-a3bb-b037c773ce5c,BOSTONIAN NURSING CARE & REHABILITATION CTR  THE,337 NEPONSET AVENUE,DORCHESTER,MA,021223103,42.2875144,-71.0470691675753,6172652350,0.0,45
38508743-50d1-3429-8fe2-37e42ddaf20e,BAYSTATE FRANKLIN MEDICAL CENTER,164 HIGH ST,GREENFIELD,MA,013012778,42.595268700000005,-72.59288632376354,4137730211,0.0,42
e1818b21-4458-3b9c-b2b8-7ed6f57ae078,LIFE CARE CENTER OF WILBRAHAM,2399 BOSTON ROAD,WILBRAHAM,MA,010951185,42.14668485,-72.45048427046072,4135963111,0.0,8
328f813e-4de8-3ec2-a113-43f3ddfb0b2a,DILIGENCEHEALTHCARE,30-40 WESTPARK STREET,BROCKTON,MA,023015241,42.0834335,-71.0183787,8574539843,0.0,80
36d96ba1-1b43-3fda-b4b0-84205d5b3a16,EMANUEL DEVELOPMENT CORPORATION,10 BELLAMY ST,BRIGHTON,MA,021351502,42.354847649999996,-71.16853348093532,6177828113,0.0,5
f2068cee-c75c-321d-9b2c-c33535db89c9,CARING HEALTHCARE SERVICES LLC,32 BOSSI AVE,RANDOLPH,MA,023682002,42.20017865,-71.0582074,6172300787,0.0,49
66505876-04a4-3f6e-9aa8-7232ee43ab76,548 ELM STREET OPERATING COMPANY  LLC,548 ELM STREET,NORTHAMPTON,MA,010602832,42.327755,-72.657308,4135863150,0.0,1
9b1f8cd0-2246-3f4f-82df-23ea314c7665,LOWN ACQUISITION LLC,800 ESSEX ST,LAWRENCE,MA,018414617,42.70162725,-71.1755487945157,7818262393,0.0,1
d140ed3f-2696-3e78-bd77-1c959ec4fc4d,HATHAWAY MANOR EXTENDED CARE,863 HATHAWAY ROAD,NEW BEDFORD,MA,027401916,41.6512968,-70.9669902070805,5089966763,0.0,25
1cff30ba-b91f-3ea2-b80b-770d67856358,ROYAL NURSING CENTER  LLC,359 JONES RD,FALMOUTH,MA,025403341,41.5591273,-70.60352436630029,7743450220,0.0,11
d4e48a16-0a60-3e90-81e5-c35b22ffe6af,GREEN MOUNTAIN URGENT CARE LLC,856 STATE RD,NORTH ADAMS,MA,012473027,42.69967208677275,-73.16330754755236,6035264635,0.0,4
39c15c0f-5c49-311e-99d2-1fb99d80e06e,HARBOR HEALTH SERVICES INC,398 NEPONSET AVE,DORCHESTER,MA,021223134,42.286764399999996,-71.04402811508834,6172823200,0.0,52
bccd7d67-203c-3d93-b6b0-bff5a146cd1d,CARECENTRAL URGENT CARE MEDICAL GROUP PC,286 WASHINGTON ST,STOUGHTON,MA,020721763,42.1384306,-71.1022598,7813412800,0.0,24
63cb4d95-04a9-3a35-b5d9-f89e0377a48d,STURDY MEMORIAL HOSPITAL INC,211 PARK ST,ATTLEBORO,MA,027033143,41.9419187,-71.2752081695297,5082368110,0.0,329
0d24cc89-3256-330c-b36d-d8de8babef84,CAPE COD HEALTHCARE PHYSICIANS,1030 FALMOUTH RD,SOUTH YARMOUTH,MA,026641218,41.6667779,-70.1847414,5087784777,0.0,98
db28cc9a-fdfb-35a6-aef7-ab9b933ef244,CAMBRIDGE REHABILITATION & NURSING CENTER,8 DANA STREET,CAMBRIDGE,MA,021385402,42.3694992,-71.11011030010101,6178644267,0.0,3
19a65317-5d32-355e-8f82-88933d48366d,LAKEVILLE FAMILY MEDICINE PC,5 PRECINCT ST,LAKEVILLE,MA,023471468,41.8455651,-70.95195924208448,5089476666,0.0,13
9d0e702d-50a0-3f4c-9126-0951d560fd4b,NEW ENGLAND REHABILITATION SERVICES OF CENTRAL MASSACHUSETTS INC,189 MAY ST,WORCESTER,MA,016024339,42.25986305,-71.83597786023279,5087916351,0.0,23
ea8d287f-b3a9-3800-8798-788e334ee406,NORTH SHORE MEDICAL CENTER INC,81 HIGHLAND AVE,SWAMPSCOTT,MA,019072928,42.4699241,-70.9171507,9783542065,0.0,268
c7542447-e06e-32cb-b6db-243c23a0dbc2,FRANCISCAN HOSPITAL FOR CHILDREN INC,30 WARREN ST,BOSTON,MA,021353602,42.3501483,-71.14393324457691,6172543800,0.0,729
50c47685-8125-3c50-8311-8bd7ba9e9108,BOSTON MEDICAL CENTER CORPORATION-,4199 WASHINGTON ST,ROSLINDALE,MA,021311733,42.2871447,-71.1277526,6173234440,0.0,48
aba3e6f6-4562-342e-b90f-dd61b117f394,MEDICAL EXPRESS URGENT CARE CENTER CO INC,438 CHESTNUT STREET,SPRINGFIELD,MA,011072008,42.11291091861002,-72.59692685125127,4137811100,0.0,2
a4b91172-69e7-3895-bd89-b9a0868de5c2,DARTMOUTH PRIMARY MEDICINE  LLC,651 ORCHARD ST,NEW BEDFORD,MA,027441052,41.6149879,-70.93113851963673,5089945300,0.0,54
eee00932-ca82-36bc-b7e8-e3fff6dbaeaa,DANA FARBER CANCER INSTITUTE,450 BROOKLINE AVE,WEYMOUTH,MA,021893141,42.2212188,-70.9391625,6176323000,0.0,322
50c7f768-9138-3dae-a67d-953bdf9ad754,NIGHTINGALE VISITING NURSES,125 COUNTY STREET,TAUNTON,MA,027803561,41.8960599,-71.07799243944345,5089670761,0.0,1
fe008000-0642-354b-9986-7396b3574f40,OCEANSIDE REHABILITATION AND NURSING CENTER LLC,44 SOUTH ST,ROCKPORT,MA,019661800,42.653407900000005,-70.60498112267823,9785466311,0.0,1
065eba51-cef7-3976-8654-ba8e7df887ce,HOSPICE OF THE FISHER HOME,1165 NORTH PLEASANT STREET,AMHERST,MA,01002,42.40927615,-72.52971238527101,4135490115,0.0,1
a06b1a97-d6ce-3ea1-ba4a-2ef85a8114ab,APPLE VALLEY CENTER,400 GROTON ROAD,AYER,MA,014321171,42.57821195,-71.5733060441645,9787721704,0.0,1
f8918a95-31e8-3ac4-8d12-29ca6080ebda,BETH ISRAEL DEACONESS HOSPITAL MILTON INC,199 REEDSDALE RD,MILTON,MA,021863926,42.251368299999996,-71.0768393856917,6173131214,0.0,24
8d5880eb-1dd8-31ea-b7c5-21709f3bb341,MELROSE INTERNAL MEDICINE ASSOC PC,50 ROWE ST,MELROSE,MA,021763201,42.4592093,-71.06078096379728,7819793800,0.0,53
3ff0f58b-7a1f-3334-9449-ff15f68b7d86,BETH ISRAEL DEACONESS HOSPITAL PLYMOUTH INC,275 SANDWICH ST,PLYMOUTH,MA,023607761,41.94186605,-70.6455366462985,5087462000,0.0,10
70e3ad4f-b9ff-3f3e-9990-2cd7e23a9d1c,HEALTH-MD URGENT CARE,1238 RIVERDALE ST,WEST SPRINGFIELD,MA,010894675,42.1373438,-72.62624707492338,4135043507,0.0,1
7e8bd0f2-2746-355e-92ef-9473818c58a2,BLISSFUL HOMECARE  LLC,90 SUTTON STREET  SUITE 3-4,NORTH ANDOVER,MA,018451655,42.705281049999996,-71.13643624887442,9787255505,0.0,12
dd280187-8662-3732-af81-595d10572911,4499 ACUSHNET AVENUE OPERATING COMPANY  LLC,4499 ACUSHNET AVE,NEW BEDFORD,MA,027454707,41.74026055,-70.9450945705336,5089956900,0.0,386
a6964d47-8af0-3df2-b99d-d8414eb1cfa3,ARBOUR-FULLER HOSPITAL,200 MAY ST,SOUTH ATTLEBORO,MA,027035520,41.924394750000005,-71.36076410900014,5087618500,0.0,121
b7b02632-03e1-330a-aa40-fdee22899633,BOSTON UNIVERSITY MEDICAL CENTER RADIOLOGISTS  INC.,840 HARRISON AVE,ROXBURY,MA,021203432,42.3279605,-71.0830607,6176386610,0.0,52
679a8e99-0f35-3eec-94ed-d8341e9fe33c,POPE NURSING HOME,140 WEBB STREET,WEYMOUTH,MA,021882736,42.22281125,-70.96226691624932,7813354352,0.0,60
9d989fcf-4ad9-3972-ada3-f275d967781e,FALMOUTH HOSPITAL ASSOCIATION INC,100 TER HEUN DR,SANDWICH,MA,025632377,41.7579043,-70.4968152,5084573528,0.0,77
af3871c3-2098-3051-bcb7-8a919e194a16,HEALTHCARE SOUTH PC,97 LIBBEY PKWY,WEYMOUTH,MA,021893110,42.19322885,-70.94589987654936,7818032786,0.0,62
a2cc09de-c1e2-3126-8c09-d49f95225281,CHILDREN'S HOSPITAL CORPORATION,300 LONGWOOD AVE,WALTHAM,MA,024532741,42.3756401,-71.2358004,6173554831,0.0,116
ab16be57-62ea-39a5-8f7a-ee1285cf6934,THE MCLEAN HOSPITAL CORPORATION,115 MILL ST,PETERSHAM,MA,013669503,42.4865962,-72.1893057,6178553316,0.0,55
f341c366-8313-3790-ab26-d8d27b116ff5,WAYSIDE YOUTH & FAMILY SUPPORT NETWORK,80 LINCOLN STREET,WALTHAM,MA,024535465,42.39322121170625,-71.24104146434591,5086200010,0.0,102
5c896155-eb9a-383e-9162-a43ebb7f1cc5,LINDEN PONDS,400 LINDEN PONDS WAY,HINGHAM,MA,020433784,42.1972249,-70.91712645007524,7815347030,0.0,3
4ffc4e4b-9d8d-3c30-ad84-fc9a7209da94,OAKS  THE,4525 ACUSHNET AVENUE,NEW BEDFORD,MA,027454727,41.74080975,-70.94731021257817,5089987807,0.0,23
bebc1dac-6c42-3225-b0ba-23278cdf2a62,MEMORY SUPPORT OF HERITAGE HALL,464 MAIN STREET,AGAWAM,MA,010011826,42.07695165,-72.62026217030348,4137868000,0.0,3
ce4d0501-49eb-396a-bc56-545fdfc624b0,MARTHA'S VINEYARD HOSPITAL INC,1 HOSPITAL RD,OAK BLUFFS,MA,025571406,41.46063105,-70.57989080295974,5086930410,0.0,123
154cc5db-4906-3411-8aa3-39902c6b3af2,NAPPA FAMILY PRACTICE PC,12 VICTORIA LN,STONEHAM,MA,021802221,42.4916624,-71.10288588889674,0000000000,0.0,48
afc661fd-71d9-3fc3-adf2-3fc3b5e8a140,BROCKTON HOSPITAL  INC.,680 CENTRE ST,RAYNHAM,MA,02767,41.9487118,-71.0731008,5089417000,0.0,92
06cc2462-430f-3322-9c87-7e971125f510,EMERSON HOSPITAL,133 OLD ROAD TO 9 ACRE COR,WESTFORD,MA,018863198,42.5792583,-71.4378411,9782873226,0.0,1
479427f6-9419-3eba-b2c2-b037b4b89493,MANET COMMUNITY HEALTH CENTER  INC.,180 GEORGE WASHINGTON BLVD,HULL,MA,020453069,42.2630377,-70.8606109,7819254550,0.0,31
db106514-f254-3402-b6a4-6d210c78c7e2,JOHN ADAMS HEALTHCARE CENTER,211 FRANKLIN STREET,QUINCY,MA,021697833,42.23691085,-71.00237199954586,6174790837,0.0,9
ee7fab6f-6438-394f-b1f2-3e452f8f055a,BLUEBERRY HILL REHABILITATION AND HEALTHCARE CTR,75 BRIMBAL AVENUE,BEVERLY,MA,019156009,42.570099299999995,-70.87108224250409,9789272020,0.0,20
79508e39-d0b0-3613-9d54-168f6e1c3a18,NASHOBA VALLEY MEDICAL CENTER,200 GROTON ROAD,GROTON,MA,014502056,42.577352149999996,-71.57414587343038,9787849000,0.0,17
907b1d2f-2bf8-31b5-abc2-14d6b75faa96,ASSABET FAMILY PODIATRY  INC,340 MAPLE ST,MARLBOROUGH,MA,017523200,42.3358161,-71.54106510218209,5084813659,0.0,47
880fad59-9c38-3a21-a39f-ccc801502ab3,SANCTA MARIA NURSING FACILITY,799 CONCORD AVENUE,CAMBRIDGE,MA,021381048,42.390849395521705,-71.1556550001627,6178682200,0.0,15
352f2e3b-0708-3eb4-9f7e-e73a685bf379,MARLBOROUGH HOSPITAL CORP,157 UNION ST,SOUTHBOROUGH,MA,017721215,42.3056501,-71.5245087,5084815000,0.0,202
a2d45ee8-b930-3169-b612-f602961ad212,SUNRISE HEALTHCARE LLC,37 MINUTEMAN WAY,SHREWSBURY,MA,015452229,42.288207,-71.73443816915585,6176509959,0.0,57
817f4acb-0184-3146-9ce0-87197d8f115a,READING FAMILY MEDICINE PC,30 NEWCROSSING RD STE 301,READING,MA,01867,42.51809619399502,-71.0959083715027,7819420380,0.0,11
4887dc20-9ef6-3cc2-9c56-858388049a50,ELIOT CENTER FOR HEALTH & REHABILITATION,168 WEST CENTRAL STREET,NATICK,MA,017604122,42.282113100000004,-71.37898579435048,5086551000,0.0,1
a767ef82-13a7-356f-8fb8-5e8869426bda,BSL- BN COMMONS SNF OPERATOR LLC,3 HARVEST CIR,LINCOLN,MA,017733213,42.44715,-71.319067,7814306000,0.0,1
4fa643ae-1f58-3c2e-9f33-0ba56345ad10,COMPASSIONATE HEALTH CARE GROUP LLC,361 MAIN ST,WAREHAM,MA,025712153,41.761384899999996,-70.71911431737183,7746787319,0.0,20
fa34d205-5ac2-3ba2-80a4-bef345dc57f5,MEDFORD VISITING NURSING ASSOCIATION,37 BROADWAY,ARLINGTON,MA,024745552,42.408086,-71.135914,7816436090,0.0,1
d0894f6b-78d7-338d-82ad-b63de4d40014,MOUNT AUBURN HOSPITAL,330 MOUNT AUBURN STREET,WALTHAM,MA,02452,42.3756401,-71.2358004,6174923500,0.0,40
3d5fbf38-c781-3e04-8c7e-5a402611b7d4,DAVIS SQUARE FAMILY PRACTICE,260 ELM ST,SOMERVILLE,MA,021442951,42.3955992,-71.1227391,6176669577,0.0,87
f43f97f2-af04-3ed0-a42e-3681718cc9b2,BERKSHIRE MEDICAL CENTER INC,725 NORTH ST,PITTSFIELD,MA,012014109,42.4600752,-73.2492795834909,4134472000,0.0,13
9ed61c49-1d0c-3774-b528-d75b50938fe2,Quincy Outpatient Clinic,110 West Squantum Street,Quincy,MA,02169,42.272617,-71.03133,800-865-3384,0.0,368
2f67494e-f17e-3248-ba68-3ca42913cca1,ROYAL OF FAIRHAVEN NURSING CENTER,184 MAIN STREET,FAIRHAVEN,MA,027193259,41.646106,-70.90865208079187,5089973193,0.0,7
edd58f69-ad5f-346b-b1f9-530ccdc895f6,RISE ABOVE WELLNESS HEALTH SERVICES LLC,52 CARPENTER ST,ATTLEBORO,MA,027032472,41.9369576,-71.27996091755344,8572473180,0.0,110
94ac48ba-e215-3ab9-ba88-a0b926d29cef,MEDFORD REHABILITATION AND NURSING CENTER,300 WINTHROP STREET,MEDFORD,MA,021552311,42.421527,-71.11834,7813964400,0.0,12
a2047ff6-62f2-34d7-beb9-7e164d989c75,RECUPERATIVE SERVICES UNIT-HEBREW REHAB CENTER,1200 CENTRE STREET,ROSLINDALE,MA,021311011,42.29768,-71.130463,6173258000,0.0,5
936ceb96-2b12-371f-aa68-ee02a9c06f4c,PRIMARY CARE NORTH PC,225 BOSTON ST,LYNN,MA,019043124,42.470497449999996,-70.96003668151566,7815959581,0.0,123
51759ecf-0948-3f61-b8fc-09dd8f2b90a1,FAIRVIEW COMMONS NURSING & REHABILITATION CENTER,CHRISTIAN HILL ROAD,GREAT BARRINGTON,MA,012301108,42.207865,-73.360405,4135284560,0.0,2
0a8a4b11-d0b8-3cd2-92cd-983de5189cfa,LIFE CARE CENTER OF THE NORTH SHORE,111 BIRCH STREET,LYNN,MA,019021574,42.47859105,-70.93458444045801,7815929667,0.0,13
cabc0f0d-dcca-34a2-bc6b-519ed1cc7f74,ACHIEVE WELLNESS  LLC,191 MERRIMACK ST STE 712,HAVERHILL,MA,018306199,42.7742236,-71.08181133783422,9788914928,0.0,13
7b7ce654-a413-37d1-9d34-97240c0ac580,WOONSOCKET URGENT CARE PC,1 WRENTHAM ST,BELLINGHAM,MA,020192532,42.025037350000005,-71.48945118224057,5083184466,0.0,3
95b01a7c-e16a-37d4-b354-c404baa00203,BERKSHIRE PLACE,290 SOUTH STREET,PITTSFIELD,MA,012016824,42.440485002637104,-73.25677853480586,4134454056,0.0,24
3e97ce4f-3ad7-3cea-883f-e2bb4ca89d83,HALLMARK HEALTH URGENT CARE PHYSICIANS LLC,30 NEW CROSSING RD,READING,MA,018673270,42.51809619399502,-71.0959083715027,7812801699,0.0,2
e982819a-87b3-3124-a0f2-85f8afcc7731,DANVERS FAMILY DOCTORS PC,140 COMMONWEALTH AVE STE 202,DANVERS,MA,019233625,42.5524742,-70.94443165548033,9787626262,0.0,27
c60fc3df-9dbd-3f31-a456-41c84490266f,BOURNE MANOR EXTENDED CARE FACILITY,146 MAC ARTHUR BOULEVARD,BOURNE,MA,025323902,41.7412166,-70.5989196,5087598880,0.0,1
c0132cf6-1703-3aad-89b4-cc2f2bbc123e,MARISTHILL NURSING & REHABILITATION CENTER,66 NEWTON STREET,WALTHAM,MA,024536058,42.3746705,-71.22789736306842,7818930240,0.0,2
cdc87240-38e9-36f8-959b-706642e01e11,MASSACHUSETTS EYE AND EAR INFIRMARY -,243 CHARLES ST,STONEHAM,MA,021803559,42.4814675,-71.0924311,6175733089,0.0,167
31e00f85-6909-3d9f-afc6-5ae507ab0c06,BRAINTREE FAMILY PHYSICIAN INC,382 GROVE STREET,BRAINTREE,MA,021847324,42.189369400000004,-70.98451984814267,7818481555,0.0,56
06376cbe-4880-384b-b459-7ce3eef36ced,HEALTHFIRST FAMILY CARE CENTER INC,387 QUARRY ST,FALL RIVER,MA,027231026,41.6932713,-71.1402431739568,5086798111,0.0,106
b3312a2d-37e9-35a8-b50d-6c165c437baa,DIMOCK COMMUNITY HEALTH CENTER  INC,45 DIMOCK ST,ROXBURY,MA,021191029,42.32030665,-71.09721114916246,6174428800,0.0,13
6afea80b-1e56-3487-a326-f4a979f92c28,CAPE COD FAMILY PRACTICE & SPORTS MEDICINE PC,34 BATES RD,MASHPEE,MA,026493280,41.61929295,-70.49056908851608,5085393353,0.0,21
2836d9ac-c6a6-39d1-8f13-fdf0fc8928f4,TEWKSBURY HOSPITAL,365 EAST ST,TEWKSBURY,MA,018761950,42.6069472,-71.2180803,9788517321,0.0,322
a2f8d8fe-665e-390f-8b9b-efdc0b14a77c,LOWELL COMMUNITY HEALTH CENTER,161 JACKSON ST,LOWELL,MA,018522103,42.6425382,-71.3093946,9783228590,0.0,5
04b252db-4231-3cb5-963d-6f096fb4b97c,DEDHAM MEDICAL ASSOCIATES URGENT CARE CENTER LLC,1177 PROVIDENCE HIGHWAY,NORWOOD,MA,020625019,42.194543,-71.1994976,7813291400,0.0,7
a94f4f6e-88ad-39ff-a935-dc87f13327b1,LIFE CARE CENTER OF LEOMINSTER,370 WEST STREET,LEOMINSTER,MA,014532073,42.535877150000005,-71.77537115047085,9785370771,0.0,12
94f6a3ae-7d8d-3cbc-a788-e400732da7e5,COMMUNITY HEALTH CENTER OF FRANKLIN CO INC,450 WEST RIVER ST,ORANGE,MA,013649603,42.5928702,-72.32953998953418,9785447800,0.0,14
4bde4cbc-55f7-3501-90eb-2c88178c7be1,SUN MEDICAL CLINIC  PC,50 MEMORIAL DR,LEOMINSTER,MA,014532238,42.541995,-71.7628835,9788400055,0.0,68
e2eab39c-5195-34aa-b35f-e89e37cfed01,SOUTH SHORE HOSPITAL INC.,55 FOGG ROAD,WEYMOUTH,MA,021893141,42.175539799999996,-70.9539153674405,7813408000,0.0,281
a977feef-f585-3fa8-8deb-7e60fc2cab30,HORIZON HOME CARE  LLC,2314 MAIN STREET,TEWKSBURY,MA,018763128,42.58023655,-71.19367180835906,9788517775,0.0,11
1de7e7d9-9a7a-3a3f-bf4c-b4de450711f2,CIRCLE HEALTH URGENT CARE LLC,198 LITTLETON RD,WESTFORD,MA,018863429,42.564282,-71.42620615382347,9783230302,0.0,1
4705a8fd-19cd-32c1-8b3e-34bcfe84d0bd,WELLNESS ON WHEELS PC,55 N WASHINGTON ST,NORTH ATTLEBORO,MA,027601607,41.983529,-71.332241,5083164141,0.0,34
f5ccbb53-e4a0-32e5-a693-02150497a8f4,SOUTH SHORE INTERNAL MEDICINE ASSOCIATES INC.,100 HIGHLAND ST,MILTON,MA,021863881,42.250705749999995,-71.07724199194602,6176988855,0.0,33
497f39dd-280e-3d58-af5b-c5e3a3a09b10,CAPE COD HOSPITAL INC,27 PARK ST,HYANNIS,MA,026015230,41.65363635,-70.27352219234834,5087711800,0.0,477
f2a6c4f7-f5b2-361a-95c4-3d635b352a46,LIFE CARE CENTER OF RAYNHAM,546 SOUTH STREET EAST,RAYNHAM,MA,027671079,41.8984957,-71.03751432894776,5088215700,0.0,3
a525d084-5a8f-3859-a048-2130a4092ec8,BAYADA HOME HEALTH CARE  INC,2 MOUNT ROYAL AVENUE  SUITE 350,MARLBOROUGH,MA,017521976,42.34042135,-71.57841367654626,5088534100,0.0,1
accb8cdd-6560-3fef-b0a6-f12c3295026a,LIFE CARE CENTER OF ATTLEBORO,969 PARK STREET,ATTLEBORO,MA,027035115,41.9266899,-71.2611303145582,5082224182,0.0,28
18a96051-91f4-3cba-af96-056ea14dfee0,ANNA JAQUES HOSPITAL SUBACUTE UNIT,25 HIGHLAND AVENUE,NEWBURYPORT,MA,019503872,42.81369325,-70.89091645747592,9784631056,0.0,186
1ab2b5f9-cb95-3236-beec-9b9d4a407c61,BERKSHIRE MEDICAL CENTER INC,725 NORTH ST,PITTSFIELD,MA,012014109,42.4600752,-73.2492795834909,4134472000,0.0,224
1bed5229-19d7-3168-94a2-f1f2abb00270,MORTON HOSPITAL  A STEWARD FAMILY HOSPITAL  INC.,88 WASHINGTON ST,TAUNTON,MA,027802465,41.9062805,-71.09518121351795,5088287881,0.0,3
41e2a44c-477c-3511-96f9-12c476aa3b6a,DR SOLOMON CARTER FULLER MENTAL HEALTH CENTER,85 E NEWTON ST,BOSTON,MA,021183553,42.336277100000004,-71.07085295687423,6176268860,0.0,462
363631be-d437-3548-98c2-d10b909c1721,SEA VIEW CONVALESCENT AND NURSING HOME,50 MANSION DRIVE,ROWLEY,MA,019691026,42.73718535100735,-70.88053187301136,9789482552,0.0,9
c1986c0c-f756-3596-8f90-08adacf220fe,CHESTNUT WOODS REHABILITATION AND HEALTHCARE CTR,73 CHESTNUT STREET,SAUGUS,MA,019061605,42.4573919,-70.9918055,7812338123,0.0,25
ad2dab07-4f85-3950-baaa-7c7cd2aa770c,UNIVERSITY OF MA MED CTR-ESRD,55 LAKE AVENUE NORTH,WORCESTER,MA,016550002,42.2774799,-71.76166994969458,5088560011,0.0,79
1d45436f-15a9-326e-a452-2e9ffc9fc5e5,FAMILY MEDICINE ASSOCIATES,75 SPRINGFIELD RD,WESTFIELD,MA,010851832,42.111428849999996,-72.71189899299209,4135625173,0.0,85
1853aeef-5897-326a-80d6-aa4b0459eb6d,BARRINGTON URGENT CARE PC,381 WICKENDEN ST,ATTLEBORO,MA,027032247,41.9438129,-71.2806515,4014337550,0.0,12
a874a173-73c8-36f3-a63e-12bdc9f5cf0c,GORDON OPERATING COMPANY LLC,389 ALDEN RD,FAIRHAVEN,MA,027194451,41.6653607,-70.90239993216616,5089918600,0.0,1
2ca615f3-87f7-3283-a447-d919a883b676,HANOVER FAMILY HEALTH & URGENT CARE PC,1399 WASHINGTON ST,HANOVER,MA,023391653,42.1441354,-70.8440854,7818290895,0.0,31
0583e4f7-f1c2-3100-8e0c-d0decc7ef261,COMMUNITY HEALTH CENTER OF CAPE COD  INC.,123 WATERHOUSE ROAD,BOURNE,MA,025323890,41.72840155,-70.58506829999999,5084777090,0.0,65
7f32dd7d-5c35-3ddb-839b-8fbbb930d412,ST PATRICK'S MANOR,863 CENTRAL STREET,FRAMINGHAM,MA,017014813,42.30758060362541,-71.42846215724606,5088798000,0.0,9
65bd3883-56ee-3eea-8e86-b7e677a30727,METRO WEST REHAB CORP,150 FLANDERS RD,WESTBOROUGH,MA,015811017,42.2770724,-71.5679154706427,5088712000,0.0,1
1b3fe590-8793-3f08-865d-01fc425a84d4,FENWAY COMMUNITY HEALTH CENTER  INC,1340 BOYLSTON ST,BOSTON,MA,022154302,42.34392675,-71.09888049065322,6179274880,0.0,62
3f12ebb4-e03c-3453-88d2-4fc9682383df,NEW BEDFORD INTERNAL MEDICINE & GERIATRICS  LLC,726 COUNTY ST,NORTH DARTMOUTH,MA,027473603,41.6389926,-70.9703171,5089845671,0.0,79
86f41096-d81f-3e26-b770-b26adc017d3e,SOUTH COVE MANOR NURSING & REHABILITATION CENTER,288 WASHINGTON STREET,QUINCY,MA,021695523,42.24983615,-70.9902487341626,6174230590,0.0,8
a35fd733-dc1a-33f0-a308-292ff5581287,PIONEER VALLEY INTERNAL MEDICINE  PC,15 STRAW AVE,FLORENCE,MA,010621491,42.335654,-72.663286,4135842333,0.0,29
b014aec7-7bd8-351f-8808-3e280cbc5be6,STEWARD HOLY FAMILY HOSPITAL INC,70 EAST ST,HAVERHILL,MA,018306700,42.7777829,-71.0767724,9786870151,0.0,7
f1664435-2eca-3eff-bd1a-13701e7ad1bd,STANFORD HEALTH CARE,300 PASTEUR DRIVE,NEWTON,MA,024592058,42.3370414,-71.2092214,6507234000,0.0,31
36c8b677-a6ce-3266-b71e-ed86d778d0fa,WESTBOROUGH BEHAVIORAL HEALTHCARE HOSPITAL  LLC,300 FRIBERG PKWY,WESTBOROUGH,MA,015813900,42.28350315,-71.58027718702151,5083296300,0.0,46
51e96f40-2058-378a-b3bd-d83c50d5cbcb,TENDER LOVING CARE HEALTH CARE SERVICES OF NEW ENGLAND  LLC,200 NICKERSON RD STE 110,PLYMOUTH,MA,023602480,41.75001,-70.632075,5083837000,0.0,18
aad05540-c9cb-3805-b3c4-f9b9d9b42b2e,RIVER'S EDGE PRIMARY CARE LLC,821 E MAIN ST STE 3,CHICOPEE,MA,010206306,42.155774795300516,-72.55672263289513,4136956774,0.0,45
2987ddf5-7ff2-3e4a-9e25-d654a10313fd,THOMAS UPHAM HOUSE,519 MAIN STREET,MEDFIELD,MA,020522522,42.186209649999995,-71.30745495273302,5083596050,0.0,4
19a3afba-b409-3650-a0ab-f3faf6e391ef,ASSOCIATED PHYSICIANS OF HARVARD MEDICAL FACULTY PHYSICIANS AT BETH IS,199 REEDSDALE RD,WALTHAM,MA,024511433,42.3756401,-71.2358004,6176964600,0.0,39
0e9d0119-1157-35a0-8bb5-7e0aa3041928,CARING HEALTH CENTER  INC,1049 MAIN STREET,SPRINGFIELD,MA,011032114,42.09977055,-72.58470990760483,4136931007,0.0,28
76b7dbb5-0a02-32a4-9a01-3511f7e45016,CARDIGAN NURSING & REHABILITATION CENTER,59 COUNTRY WAY,SCITUATE,MA,020663746,42.1806871,-70.74862935148246,7815459477,0.0,1
25c85bcc-7e25-36bc-89e8-08e0d473db23,A&A HEALTHCARE LLC,138 S MAIN ST STE 14,MILFORD,MA,017573272,42.1270746,-71.51639128815474,5082414877,0.0,85
e68de1a0-767e-3466-b9a6-43948ee073d3,GOOD SHEPHERD COMMUNITY CARE,160 WELLS AVENUE,NEWTON,MA,024593302,42.29337605,-71.19806353028767,6179696130,0.0,1
2fb77691-5353-358a-bc94-90af77dd654b,NASHOBA VALLEY MEDICAL CENTER  A STEWARD FAMILY HOSPITAL INC,200 GROTON RD,AYER,MA,014321168,42.577352149999996,-71.57414587343038,9787849000,0.0,4
cbebae9e-f95e-3d2c-9712-289ea8d6aeec,ARBOUR HOSPITAL  THE,49 ROBINWOOD AVENUE,QUINCY,MA,021698130,42.2509914,-71.0037374,6175224400,0.0,277
1cec4304-9757-3a10-ad4f-7e2090c56131,UMASS MEMORIAL MEDICAL CENTER INC,55 LAKE AVE N,WORCESTER,MA,016550002,42.2774799,-71.76166994969458,5083340254,0.0,1
5862e05c-9533-3f7a-8f73-215d50f5ee2f,HEBREW REHABILITATION CENTER,1200 CENTRE ST,ROSLINDALE,MA,021311000,42.29768,-71.130463,6173258000,0.0,75
ec7e487e-7e78-3eac-a9ee-37f8de98a0f9,COLONY CENTER FOR HEALTH & REHABILITATION,277 WASHINGTON STREET,ABINGTON,MA,023512489,42.10060947239023,-70.94967338146704,7818710200,0.0,17
ad482681-b4c4-3fce-ac59-78c83d31b0ba,BEAR MT FRANKLIN LLC,130 CHESTNUT ST,FRANKLIN,MA,020383903,42.08345955,-71.38413379825735,5085284600,0.0,2
a8f1424c-00bc-3403-8db5-cd600978f3a4,CONNECTICUT RIVER INTERNISTS. LLP,8 BURNHAM ST,TURNERS FALLS,MA,013761816,42.6042523,-72.5564777,4137745554,0.0,41
411f14a5-de79-3e08-81d6-301270cc2275,RHEUMATOLOGY AND INTERNAL MEDICINE ASSOCIATES PC,64 CONCORD STREET,WILMINGTON,MA,018872179,42.55962465,-71.13772203658047,9786641606,0.0,46
a5577e5c-b886-37a0-8eee-8ff6feb7ea6b,MOUNT AUBURN HOSPITAL,330 MOUNT AUBURN ST,CAMBRIDGE,MA,021385502,42.3741033,-71.13417575971958,6174923500,0.0,58
ce9c1582-994d-32bf-835c-474a249d2804,KINDRED AT HOME,275 MARTINE STREET  SUITE 104,FALL RIVER,MA,027231500,41.68393816525316,-71.1220830626733,5086720675,0.0,19
966245ce-e84d-36b0-a838-2e0b5bb2e668,MATTAPAN COMMUNITY HEALTH CENTER,1425 BLUE HILL AVENUE,MATTAPAN,MA,021262122,42.2754929,-71.09384131587021,6172960061,0.0,2
b9a91cbd-3263-31d9-9cff-55873cf8b2e2,Springfield Outpatient Clinic,25 Bond Street,Springfield,MA,01104,42.110065,-72.60007,413-731-6000 Or 413-731-6000,0.0,48
4eddfa13-f996-3048-9bbc-541b0a29038a,STEWARD ST ELIZABETHS MEDICAL CENTER OF BOSTON INC,736 CAMBRIDGE ST,BRIGHTON,MA,021353601,42.348649949999995,-71.14799584850206,6177893000,0.0,110
845fbd9b-2d1c-39a8-8261-28ae40e4fab2,MILFORD REGIONAL MEDICAL CENTER,14 PROSPECT STREET,UPTON,MA,015681431,42.1700209025178,-71.59409308099494,5084731190,0.0,31
bac9dc0c-cb0f-3fa6-aa12-819dd0fb922a,CAMBRIDGE PUBLIC HEALTH COMMISSION,1493 CAMBRIDGE ST,SOMERVILLE,MA,021452935,42.3875968,-71.0994968,6176651000,0.0,164
9ce6072b-d039-3cde-8eaf-950211b8ae88,MIDDLETON FAMILY MEDICINE URGENT CARE  LLC,147 S MAIN ST,MIDDLETON,MA,019492446,42.585787222720036,-71.00861442427218,9787742555,0.0,2
af8566eb-8918-3ec7-ba44-92b6a2cf8097,NORTH SHORE MEDICAL CENTER INC,81 HIGHLAND AVE,SALEM,MA,019702714,42.5112107,-70.90516241826194,9787410522,0.0,10
d4a03501-69f6-3a89-ac27-ed25976fdb6f,LIFE CARE CENTER OF STONEHAM,25 WOODLAND ROAD,STONEHAM,MA,021801705,42.450448800000004,-71.09076944938434,7816622545,0.0,8
ecd3b321-0a8a-3ce6-81f0-982dd77fce43,ANNA JAQUES HOSPITAL SUBACUTE UNIT,25 HIGHLAND AVE,NEWBURYPORT,MA,019503867,42.81369325,-70.89091645747592,9784631000,0.0,136
eb2596c3-8814-3add-8516-474214bf5c62,WATERVIEW LODGE LLC,250 W UNION ST,ASHLAND,MA,017211420,42.24214015,-71.48110671819278,5088796420,0.0,2
a036cdf2-bbc5-3ffd-987f-56e437fd8b74,WINDSOR NURSING & RETIREMENT HOME,265 N MAIN ST,SOUTH YARMOUTH,MA,026642083,41.680980000000005,-70.18292625685085,5083943514,0.0,34
2fbb592e-2154-3a4d-856e-467d7ba5bed7,FAIRVIEW HOSPITAL,780 MAIN ST,GREAT BARRINGTON,MA,012302148,42.17823835,-73.36310566431717,4135288643,0.0,13
69cb2157-b620-3c51-9c94-f516462d2d55,FAMILY PRACTICE GROUP PC,11 WATER ST,ARLINGTON,MA,02476,42.41642055,-71.15424293038585,7816489700,0.0,36
f90ef475-defe-363d-a926-573b38f804a2,PRIMARY CARE FOR ADULTS PLLC,54 HOPEDALE ST,HOPKINTON,MA,017481672,42.2288875,-71.5196439,5084738373,0.0,33
a25107f7-f4f5-36fc-98e4-f3e1b5875c91,MASS GENERAL BRIGHAM URGENT CARE LLC,1285 BEACON ST,WOBURN,MA,018012157,42.4979478,-71.1684508,6177516205,0.0,10
0e6c3ad1-24c1-34cb-bb6d-e8438fa319e2,URGENT CARE OPERATIONS PC,50 DODGE ST,SWAMPSCOTT,MA,019071300,42.4699241,-70.9171507,9789222171,0.0,3
4f9dd195-07b8-3a81-8b7a-58852a0e6cdf,FAIR HAVENS INC,47 E MAIN ST,WEST BROOKFIELD,MA,015852906,42.2355113,-72.1381676,5088677716,0.0,3
ed43f171-1ac1-3f08-aef5-0f62c515cf4d,JML CARE CENTER  INC,184 TER HEUN DR,FALMOUTH,MA,025403160,41.56534135,-70.62534898297048,5084574621,0.0,3
05fcf001-ab24-3d7d-85f7-f64942d82738,ENCOMPASS HEALTH BRAINTREE HOSPITAL OF BRAINTREE,250 POND STREET,FRAMINGHAM,MA,017014592,42.2838619,-71.4093719,7818485353,0.0,69
7e6db51f-7c1b-3555-9e1c-6269ba6d704d,ACCLAIM HOME HEALTH CARE  INC,120 STAFFORD STREET SUITE 206,WORCESTER,MA,016031461,42.239638,-71.8443785891577,5084596937,0.0,1
83769f98-fff3-3535-8781-6ace5957136f,SOUTHSHORE HEALTH CARE CENTER,115 NORTH AVENUE,ROCKLAND,MA,023702129,42.13496385,-70.92237824494691,7818783308,0.0,39
e7b77e8f-b607-3273-aef9-ad1bca48813f,ZION HEALTH & WELLNESS LLC,209 W CENTRAL ST STE 216,NATICK,MA,017603716,42.28202598359604,-71.3899479380402,7745970925,0.0,33
0e3a24c3-b772-3059-b3fd-8a4710068a82,LAKESIDE FAMILY PRACTICE,416 BROADWAY,RAYNHAM,MA,027671737,41.940680799999996,-71.07864352196617,5088285020,0.0,47
9adfae03-673d-365d-9052-f705098fa3e4,THE SHRINERS HOSPITAL FOR CHILDREN,51 BLOSSOM ST,BOSTON,MA,021142699,42.36305545,-71.06643399281765,1617722300,0.0,162
25431f9a-00e4-36d8-9810-4125328eec50,THE GENERAL HOSPITAL CORPORATION,55 FRUIT ST,WALTHAM,MA,02451,42.3756401,-71.2358004,6177262000,0.0,1
89171335-b9c0-3326-98d6-a837d432b9fd,WHITTIER REHABILTATION HOSPITAL,150 FLANDERS ROAD,LYNN,MA,019042915,42.466763,-70.9494939,5088712063,0.0,683
01bde980-bf89-3138-8912-7360dff33247,LE & CHANG FAMILY URGENT CARE PC,456 PARK AVE,WORCESTER,MA,016101254,42.25512735,-71.82580924803523,5086851517,0.0,1
1484fc69-2eb0-3bba-8656-d5ead4973895,INTEGRATED FAMILY WELLNESS PC,260 MERRIMAC ST,NEWBURYPORT,MA,019502192,42.817380099999994,-70.88125573659471,9784999355,0.0,34
8a6e21d0-da20-3378-8176-4e5ad2b51983,TIMOTHY DANIELS HOUSE,84 ELM STREET,HOLLISTON,MA,017462138,42.20234485,-71.42493275079366,5084294566,0.0,2
4e56c7ec-99e5-3023-8e4f-95ad18a03f06,UNITED MEDICAL CARE LLC,28 RIVERSIDE DR STE 101,PEMBROKE,MA,023594947,42.11004715,-70.77534154695786,5089715500,0.0,15
e2a8b444-9b8f-36ff-84c4-05ee98589482,WHITLEY WELLNESS LLC,8 SHIPWAY PL # C-8,CHARLESTOWN,MA,021294301,42.3778749,-71.0619957,3254399799,0.0,82
18d2c9c2-4b92-3664-9b8e-419aff3ce942,ALLIANCE HEALTH AT BRAINTREE,175 GROVE STREET,BRAINTREE,MA,021847253,42.19127375,-70.99279579751581,7818482050,0.0,138
121b0ad1-1beb-3caa-9271-3d3f726bb727,PATRIOT URGENT CARE PROFESSIONALS PC,1030 MAIN STREET,WALTHAM,MA,024517447,42.375828,-71.2527956,7818946900,0.0,73
f6ba791e-fe68-3596-bef4-60751db6a60e,VNA & HOSPICE OF GREATER MILFORD,37 BIRCH STREET,MILFORD,MA,017575501,42.1424349,-71.48943173357203,5084730862,0.0,9
e1892a2c-6dca-3c4c-93b7-0e00a9eb8b61,PRIMARY & PREVENTIVE CARE  INC.,20 EAST ST,HANOVER,MA,023391638,42.1278249,-70.82664947485381,7818263146,0.0,31
11a40a26-a5a3-331d-aef0-d06dd90e2b4e,CAPE COD PRIMARY CARE LLC,10 OSTERVILLE WEST BARNSTABLE RD,YARMOUTH PORT,MA,026752000,41.7020544,-70.249465,5084282620,0.0,22
b954c464-11ea-312b-a3f8-1350775bfa54,CHELSEA JEWISH HOSPICE AND PALLIATIVE CARE,123 CAPTAIN'S ROW,CHELSEA,MA,021504019,42.3917638,-71.0328284,6178890779,0.0,8
9f368e75-397f-3d77-a317-9a005512a4e2,EASTERN & WESTERN MEDICAL CENTER PC,381 PARK AVE,WORCESTER,MA,016101026,42.2583962,-71.82204240042036,5087923200,0.0,29
485ae27b-c5ba-3fd0-9a16-c9eea20be185,KINDRED  HOSPICE,275 MARTINE STREET  SUITE 202,FALL RIVER,MA,027231518,41.68393816525316,-71.1220830626733,5086720580,0.0,3
19f958ef-57cf-33c1-b068-14b32a980813,DRACUT FAMILY HEALTHCARE,155 BROADWAY RD,DRACUT,MA,018262754,42.67578279999999,-71.29320171860073,9784580475,0.0,31
47602b5b-f4aa-3c73-aa26-2268ccf7a83c,HUNT NURSING & REHAB CENTER,90 LINDALL STREET,DANVERS,MA,019232125,42.574712149999996,-70.94359556912616,9787773740,0.0,2
6d16a8e3-3569-38ab-afac-a2f8c1125085,BROOKHAVEN AT LEXINGTON,1010 WALTHAM STREET,LEXINGTON,MA,024218052,42.4139392,-71.22929265883278,7818639660,0.0,25
91808f17-7583-32a3-aa55-23b131b327c7,SOUTH SHORE CENTER FOR WELLNESS LTD,200 CORDWAINER DR,NORWELL,MA,020611671,42.16352995,-70.8846291501739,7818788340,0.0,97
53f086de-2fc7-3d35-92c2-aca4ed944e7f,LAWRENCE GENERAL HOSPITAL,1 GENERAL ST,LAWRENCE,MA,018412961,42.7097143,-71.15007700778098,9786834000,0.0,221
c709c5eb-ddd7-3778-84f7-0931a4d1c718,HEBREW SENIORLIFE AFFILIATED MEDICAL GROUP INC,1200 CENTRE ST,ROSLINDALE,MA,021311000,42.29768,-71.130463,6179715766,0.0,53
079dd7d3-2003-331d-b49a-1b5c1b2870cb,SOUTHCOAST VISITING NURSE ASSOCIATION  INC,200 MILL ROAD SUITE 120,FAIRHAVEN,MA,027195252,41.650636,-70.88137185966522,5089733210,0.0,1
c0cc8f8d-a479-3f83-9e1f-1fd556b944ef,FAMILY DOCTORS  LLC,250 PARADISE RD,SWAMPSCOTT,MA,01907,42.47638005,-70.91253402512964,7815962000,0.0,34
d70d47dc-b40c-3a04-8342-35cbfe716409,SENIOR HEALTHCARE ASSOCIATES INC,83 LITTLEFIELD RD,NEWTON,MA,024593010,42.3104327,-71.18883283411856,7816421859,0.0,38
0592d4e5-a0fb-3143-83cd-8e5a6b066a96,SOUTH SHORE PRIMARY AND URGENT CARE LLC,20 EAST ST,HANOVER,MA,023391638,42.1278249,-70.82664947485381,7815610460,0.0,97
c67ca7ed-4769-3b6c-a0a9-993f1227ff10,CAPE ANN MEDICAL CENTER LLC,1 BLACKBURN DR,GLOUCESTER,MA,019302237,42.6269312,-70.65555242413386,9782811500,0.0,50
7b5bf0fc-c5c0-3f22-980b-fdfff326a9b4,WOONSOCKET URGENT CARE PC,40 CUMBERLAND AVE,NORTH ATTLEBORO,MA,027604445,41.9316677,-71.35407469790115,7812550500,0.0,1
ba07b31b-bf14-39b8-be95-4c5ca5062daa,SPAULDING HOSPITAL FOR CONTINUING MED CARE-CAMB,1575 CAMBRIDGE ST,CAMBRIDGE,MA,021384308,42.375209549999994,-71.10711344152975,6178764344,0.0,13
6aae7a31-90df-3455-ad8d-81f8cf2d21e8,BROCKTON HOSPITAL  INC.,680 CENTRE ST,BROCKTON,MA,023023308,42.0872752,-70.9910738855076,5089417000,0.0,243
14036728-b721-3e4b-8755-8ee8ab6ed15e,LONGFELLOW PRIMARY CARE  PC,625 MOUNT AUBURN ST,CAMBRIDGE,MA,021384518,42.375351,-71.1468628,6174924545,0.0,60
